{"v":"5.9.6","fr":25,"ip":0,"op":35,"w":100,"h":100,"nm":"home","ddd":0,"assets":[{"id":"image_0","w":100,"h":100,"u":"images/","p":"home_2.png","e":0},{"id":"image_1","w":100,"h":100,"u":"images/","p":"home_1.png","e":0},{"id":"image_2","w":100,"h":100,"u":"images/","p":"img.png","e":0}],"layers":[{"ddd":0,"ind":1,"ty":4,"nm":"line","sr":1,"ks":{"o":{"a":0,"k":100,"ix":11},"r":{"a":0,"k":0,"ix":10},"p":{"a":0,"k":[50,50,0],"ix":2,"l":2},"a":{"a":0,"k":[0,0,0],"ix":1,"l":2},"s":{"a":1,"k":[{"i":{"x":[0.833,0.833,0.833],"y":[0.833,0.833,1]},"o":{"x":[0.333,0.333,0.333],"y":[0,0,0]},"t":3,"s":[56,56,100],"e":[101.082,101.082,100]},{"i":{"x":[0.833,0.833,0.833],"y":[1,1,1]},"o":{"x":[0.333,0.333,0.333],"y":[0,0,0]},"t":8,"s":[101.082,101.082,100],"e":[101.082,101.082,100]},{"t":29}],"ix":6,"l":2,"x":"var $bm_rt;\nvar freq, decay, n, n, t, amp, w;\nfreq = 3;\ndecay = 5;\n$bm_rt = n = 0;\nif (numKeys > 0) {\n    $bm_rt = n = nearestKey(time).index;\n    if (key(n).time > time)\n        n--;\n}\nif (n > 0) {\n    t = $bm_sub(time, key(n).time);\n    amp = velocityAtTime($bm_sub(key(n).time, 0.001));\n    w = $bm_mul($bm_mul(freq, Math.PI), 2);\n    $bm_rt = $bm_sum(value, $bm_mul(amp, $bm_div($bm_div(Math.sin($bm_mul(t, w)), Math.exp($bm_mul(decay, t))), w)));\n} else\n    $bm_rt = value;"}},"ao":0,"hasMask":true,"masksProperties":[{"inv":false,"mode":"a","pt":{"a":1,"k":[{"i":{"x":0.833,"y":0.833},"o":{"x":0.167,"y":0.167},"t":3,"s":[{"i":[[0,0],[0,0],[0,0],[0,0],[0,0],[0,0],[0,0],[0,0],[0,0],[0,0],[0,0],[0,0],[0,0],[0,0],[0,0],[0,0]],"o":[[0,0],[0,0],[0,0],[0,0],[0,0],[0,0],[0,0],[0,0],[0,0],[0,0],[0,0],[0,0],[0,0],[0,0],[0,0],[0,0]],"v":[[-17.625,-5.625],[-17.625,6.125],[-15.073,6.329],[-14.882,6.344],[-14.678,6.361],[-14.531,6.373],[-14.523,6.373],[-14.5,6.375],[-15.543,-3.126],[-15.625,-3.875],[-15.629,-3.878],[-15.629,-3.879],[-15.63,-3.879],[-15.672,-3.916],[-15.848,-4.07],[-16.129,-4.316]],"c":true}],"e":[{"i":[[0,0],[0,0],[0,0],[0,0],[0,0],[0,0],[0,0],[0,0],[0,0],[0,0],[0,0],[0,0],[0,0],[0,0],[0,0],[0,0]],"o":[[0,0],[0,0],[0,0],[0,0],[0,0],[0,0],[0,0],[0,0],[0,0],[0,0],[0,0],[0,0],[0,0],[0,0],[0,0],[0,0]],"v":[[-17.625,-5.625],[-17.625,6.125],[-7.724,6.533],[-6.981,6.564],[-6.192,6.596],[-5.62,6.62],[-5.588,6.621],[-5.5,6.625],[-6.543,-2.876],[-6.625,-3.625],[-6.647,-3.629],[-6.647,-3.629],[-6.65,-3.63],[-6.884,-3.672],[-7.849,-3.848],[-9.396,-4.129]],"c":true}]},{"i":{"x":0.833,"y":0.833},"o":{"x":0.167,"y":0.167},"t":5,"s":[{"i":[[0,0],[0,0],[0,0],[0,0],[0,0],[0,0],[0,0],[0,0],[0,0],[0,0],[0,0],[0,0],[0,0],[0,0],[0,0],[0,0]],"o":[[0,0],[0,0],[0,0],[0,0],[0,0],[0,0],[0,0],[0,0],[0,0],[0,0],[0,0],[0,0],[0,0],[0,0],[0,0],[0,0]],"v":[[-17.625,-5.625],[-17.625,6.125],[-7.724,6.533],[-6.981,6.564],[-6.192,6.596],[-5.62,6.62],[-5.588,6.621],[-5.5,6.625],[-6.543,-2.876],[-6.625,-3.625],[-6.647,-3.629],[-6.647,-3.629],[-6.65,-3.63],[-6.884,-3.672],[-7.849,-3.848],[-9.396,-4.129]],"c":true}],"e":[{"i":[[0,0],[0,0],[0,0],[0,0],[0,0],[0,0],[0,0],[0,0],[0,0],[0,0],[0,0],[0,0],[0,0],[0,0],[0,0],[0,0]],"o":[[0,0],[0,0],[0,0],[0,0],[0,0],[0,0],[0,0],[0,0],[0,0],[0,0],[0,0],[0,0],[0,0],[0,0],[0,0],[0,0]],"v":[[-17.625,-5.625],[-17.625,6.125],[-8.997,6.397],[-5.07,4.9],[-4.034,1.159],[-3.283,-1.556],[-3.241,-1.706],[-3.125,-2.125],[-4.399,-6.875],[-4.5,-7.25],[-4.537,-7.193],[-4.538,-7.191],[-4.543,-7.183],[-4.946,-6.56],[-6.61,-3.986],[-9.274,0.135]],"c":true}]},{"i":{"x":0.833,"y":0.833},"o":{"x":0.167,"y":0.167},"t":7,"s":[{"i":[[0,0],[0,0],[0,0],[0,0],[0,0],[0,0],[0,0],[0,0],[0,0],[0,0],[0,0],[0,0],[0,0],[0,0],[0,0],[0,0]],"o":[[0,0],[0,0],[0,0],[0,0],[0,0],[0,0],[0,0],[0,0],[0,0],[0,0],[0,0],[0,0],[0,0],[0,0],[0,0],[0,0]],"v":[[-17.625,-5.625],[-17.625,6.125],[-8.997,6.397],[-5.07,4.9],[-4.034,1.159],[-3.283,-1.556],[-3.241,-1.706],[-3.125,-2.125],[-4.399,-6.875],[-4.5,-7.25],[-4.537,-7.193],[-4.538,-7.191],[-4.543,-7.183],[-4.946,-6.56],[-6.61,-3.986],[-9.274,0.135]],"c":true}],"e":[{"i":[[0,0],[0,0],[0,0],[0,0],[0,0],[0,0],[0,0],[0,0],[0,0],[0,0],[0,0],[0,0],[0,0],[0,0],[0,0],[0,0]],"o":[[0,0],[0,0],[0,0],[0,0],[0,0],[0,0],[0,0],[0,0],[0,0],[0,0],[0,0],[0,0],[0,0],[0,0],[0,0],[0,0]],"v":[[-17.625,-5.625],[-17.625,6.125],[-8.997,6.397],[-5.07,4.9],[-3.805,-0.64],[-1.383,6.296],[-1.249,6.679],[-0.875,7.75],[1.442,4.853],[1.625,4.625],[1.283,3.723],[1.274,3.698],[1.227,3.575],[-2.482,-6.218],[-5.702,-5.844],[-9.274,0.135]],"c":true}]},{"i":{"x":0.833,"y":0.833},"o":{"x":0.167,"y":0.167},"t":9,"s":[{"i":[[0,0],[0,0],[0,0],[0,0],[0,0],[0,0],[0,0],[0,0],[0,0],[0,0],[0,0],[0,0],[0,0],[0,0],[0,0],[0,0]],"o":[[0,0],[0,0],[0,0],[0,0],[0,0],[0,0],[0,0],[0,0],[0,0],[0,0],[0,0],[0,0],[0,0],[0,0],[0,0],[0,0]],"v":[[-17.625,-5.625],[-17.625,6.125],[-8.997,6.397],[-5.07,4.9],[-3.805,-0.64],[-1.383,6.296],[-1.249,6.679],[-0.875,7.75],[1.442,4.853],[1.625,4.625],[1.283,3.723],[1.274,3.698],[1.227,3.575],[-2.482,-6.218],[-5.702,-5.844],[-9.274,0.135]],"c":true}],"e":[{"i":[[0,0],[0,0],[0,0],[0,0],[0,0],[0,0],[0,0],[0,0],[0,0],[0,0],[0,0],[0,0],[0,0],[0,0],[0,0],[0,0]],"o":[[0,0],[0,0],[0,0],[0,0],[0,0],[0,0],[0,0],[0,0],[0,0],[0,0],[0,0],[0,0],[0,0],[0,0],[0,0],[0,0]],"v":[[-17.625,-5.625],[-17.625,6.125],[-8.997,6.397],[-5.07,4.9],[-3.805,-0.64],[-2.464,6.153],[-2.049,9.551],[2.562,9.938],[7.139,3.507],[7.5,3],[7.529,-3.33],[3.379,-6.576],[1.46,-2.274],[-2.359,-8.551],[-6.132,-10.326],[-9.274,0.135]],"c":true}]},{"i":{"x":0.833,"y":0.833},"o":{"x":0.167,"y":0.167},"t":12,"s":[{"i":[[0,0],[0,0],[0,0],[0,0],[0,0],[0,0],[0,0],[0,0],[0,0],[0,0],[0,0],[0,0],[0,0],[0,0],[0,0],[0,0]],"o":[[0,0],[0,0],[0,0],[0,0],[0,0],[0,0],[0,0],[0,0],[0,0],[0,0],[0,0],[0,0],[0,0],[0,0],[0,0],[0,0]],"v":[[-17.625,-5.625],[-17.625,6.125],[-8.997,6.397],[-5.07,4.9],[-3.805,-0.64],[-2.464,6.153],[-2.049,9.551],[2.562,9.938],[7.139,3.507],[7.5,3],[7.529,-3.33],[3.379,-6.576],[1.46,-2.274],[-2.359,-8.551],[-6.132,-10.326],[-9.274,0.135]],"c":true}],"e":[{"i":[[0,0],[0,0],[0,0],[0,0],[0,0],[0,0],[0,0],[0,0],[0,0],[0,0],[0,0],[0,0],[0,0],[0,0],[0,0],[0,0]],"o":[[0,0],[0,0],[0,0],[0,0],[0,0],[0,0],[0,0],[0,0],[0,0],[0,0],[0,0],[0,0],[0,0],[0,0],[0,0],[0,0]],"v":[[-17.625,-5.625],[-17.625,6.125],[-8.997,6.397],[-5.07,4.9],[-3.805,-0.64],[-2.464,6.153],[-2.049,9.551],[2.562,9.938],[6.245,5.523],[17.75,5.875],[17.654,-3.768],[4.504,-5.951],[1.585,-2.149],[-2.171,-9.95],[-5.391,-12.687],[-9.274,0.135]],"c":true}]},{"i":{"x":0.833,"y":0.833},"o":{"x":0.167,"y":0.167},"t":16,"s":[{"i":[[0,0],[0,0],[0,0],[0,0],[0,0],[0,0],[0,0],[0,0],[0,0],[0,0],[0,0],[0,0],[0,0],[0,0],[0,0],[0,0]],"o":[[0,0],[0,0],[0,0],[0,0],[0,0],[0,0],[0,0],[0,0],[0,0],[0,0],[0,0],[0,0],[0,0],[0,0],[0,0],[0,0]],"v":[[-17.625,-5.625],[-17.625,6.125],[-8.997,6.397],[-5.07,4.9],[-3.805,-0.64],[-2.464,6.153],[-2.049,9.551],[2.562,9.938],[6.245,5.523],[17.75,5.875],[17.654,-3.768],[4.504,-5.951],[1.585,-2.149],[-2.171,-9.95],[-5.391,-12.687],[-9.274,0.135]],"c":true}],"e":[{"i":[[0,0],[0,0],[0,0],[0,0],[0,0],[0,0],[0,0],[0,0],[0,0],[0,0],[0,0],[0,0],[0,0],[0,0],[0,0],[0,0]],"o":[[0,0],[0,0],[0,0],[0,0],[0,0],[0,0],[0,0],[0,0],[0,0],[0,0],[0,0],[0,0],[0,0],[0,0],[0,0],[0,0]],"v":[[-17.625,-5.625],[-17.625,6.125],[-8.997,6.397],[-5.07,4.9],[-3.805,-0.64],[-2.464,6.153],[-2.049,9.551],[2.562,9.938],[6.245,5.523],[17.75,5.875],[17.654,-3.768],[4.504,-5.951],[1.585,-2.149],[-3.217,-11.055],[-6.436,-10.681],[-9.274,0.135]],"c":true}]},{"t":17}],"ix":1},"o":{"a":0,"k":100,"ix":3},"x":{"a":0,"k":0,"ix":4},"nm":"蒙版 1"}],"shapes":[{"ty":"gr","it":[{"ind":0,"ty":"sh","ix":1,"ks":{"a":0,"k":{"i":[[0,0],[0,0],[0,0],[0,0],[0,0],[0,0],[0,0]],"o":[[0,0],[0,0],[0,0],[0,0],[0,0],[0,0],[0,0]],"v":[[-12.875,2],[-6.125,2],[-4,-5.375],[0.375,6.375],[4.5,-2.781],[6.875,1.75],[13.5,1.75]],"c":false},"ix":2},"nm":"路径 1","mn":"ADBE Vector Shape - Group","hd":false},{"ty":"st","c":{"a":0,"k":[1,1,1,1],"ix":3},"o":{"a":0,"k":100,"ix":4},"w":{"a":0,"k":3.5,"ix":5},"lc":2,"lj":2,"bm":0,"nm":"描边 1","mn":"ADBE Vector Graphic - Stroke","hd":false},{"ty":"tr","p":{"a":0,"k":[0,0],"ix":2},"a":{"a":0,"k":[0,0],"ix":1},"s":{"a":0,"k":[100,100],"ix":3},"r":{"a":0,"k":0,"ix":6},"o":{"a":0,"k":100,"ix":7},"sk":{"a":0,"k":0,"ix":4},"sa":{"a":0,"k":0,"ix":5},"nm":"变换"}],"nm":"形状 1","np":3,"cix":2,"bm":0,"ix":1,"mn":"ADBE Vector Group","hd":false}],"ip":3,"op":51,"st":3,"ct":1,"bm":0},{"ddd":0,"ind":2,"ty":2,"nm":"home_selected.png","cl":"png","refId":"image_0","sr":1,"ks":{"o":{"a":0,"k":100,"ix":11},"r":{"a":0,"k":0,"ix":10},"p":{"a":0,"k":[50,50,0],"ix":2,"l":2},"a":{"a":0,"k":[50,50,0],"ix":1,"l":2},"s":{"a":1,"k":[{"i":{"x":[0.833,0.833,0.833],"y":[0.829,0.829,0.425]},"o":{"x":[0.333,0.333,0.333],"y":[0,0,0]},"t":1,"s":[56,56,100],"e":[100,100,100]},{"t":6}],"ix":6,"l":2,"x":"var $bm_rt;\nvar freq, decay, n, n, t, amp, w;\nfreq = 3;\ndecay = 5;\n$bm_rt = n = 0;\nif (numKeys > 0) {\n    $bm_rt = n = nearestKey(time).index;\n    if (key(n).time > time)\n        n--;\n}\nif (n > 0) {\n    t = $bm_sub(time, key(n).time);\n    amp = velocityAtTime($bm_sub(key(n).time, 0.001));\n    w = $bm_mul($bm_mul(freq, Math.PI), 2);\n    $bm_rt = $bm_sum(value, $bm_mul(amp, $bm_div($bm_div(Math.sin($bm_mul(t, w)), Math.exp($bm_mul(decay, t))), w)));\n} else\n    $bm_rt = value;"}},"ao":0,"ip":1,"op":51,"st":1,"bm":0},{"ddd":0,"ind":3,"ty":2,"nm":"home2.png","cl":"png","refId":"image_1","sr":1,"ks":{"o":{"a":0,"k":100,"ix":11},"r":{"a":0,"k":0,"ix":10},"p":{"a":0,"k":[50,50,0],"ix":2,"l":2},"a":{"a":0,"k":[50,50,0],"ix":1,"l":2},"s":{"a":0,"k":[100,100,100],"ix":6,"l":2}},"ao":0,"ip":0,"op":1,"st":0,"bm":0},{"ddd":0,"ind":4,"ty":2,"nm":"img1.png","cl":"png","refId":"image_2","sr":1,"ks":{"o":{"a":0,"k":100,"ix":11},"r":{"a":0,"k":0,"ix":10},"p":{"a":0,"k":[49.938,50.25,0],"ix":2,"l":2},"a":{"a":0,"k":[50,50,0],"ix":1,"l":2},"s":{"a":1,"k":[{"i":{"x":[0.833,0.833,0.833],"y":[0.829,0.829,1]},"o":{"x":[0.333,0.333,0.333],"y":[0,0,0]},"t":1,"s":[56,56,100],"e":[100,100,100]},{"t":6}],"ix":6,"l":2,"x":"var $bm_rt;\nvar freq, decay, n, n, t, amp, w;\nfreq = 3;\ndecay = 5;\n$bm_rt = n = 0;\nif (numKeys > 0) {\n    $bm_rt = n = nearestKey(time).index;\n    if (key(n).time > time)\n        n--;\n}\nif (n > 0) {\n    t = $bm_sub(time, key(n).time);\n    amp = velocityAtTime($bm_sub(key(n).time, 0.001));\n    w = $bm_mul($bm_mul(freq, Math.PI), 2);\n    $bm_rt = $bm_sum(value, $bm_mul(amp, $bm_div($bm_div(Math.sin($bm_mul(t, w)), Math.exp($bm_mul(decay, t))), w)));\n} else\n    $bm_rt = value;"}},"ao":0,"ip":1,"op":51,"st":1,"bm":0}],"markers":[]}